# source, target
1,1740
1,2923
1,701
1,286
1,1239
1,666
1,2914
1,2548
1,1718
1,71
1,33
1,714
1,3
1,1875
1,2748
1,2750
1,2749
1,2129
1,2434
1,32
1,174
1,700
1,2886
1,34
1,46
1,336
1,6
1,893
1,2637
1,418
1,2123
1,538
1,111
1,1063
1,398
1,630
1,77
1,49
1,1541
1,1793
1,561
1,70
1,1050
1,1214
1,557
1,656
1,379
1,613
1,2358
1,877
1,140
1,1236
1,1971
1,1011
1,258
1,48
1,1226
1,343
1,144
1,1631
1,1673
1,2293
1,1844
1,827
1,540
1,625
1,487
1,1416
1,2142
1,1842
1,1830
1,903
1,739
1,485
1,109
1,1819
1,1617
1,1367
1,2279
1,2795
1,536
1,449
1,2024
1,2714
1,2581
1,75
1,859
1,2511
1,2685
1,2064
1,305
1,2552
1,1307
1,2360
1,1870
1,2294
1,1581
1,2705
1,944
1,711
1,2368
1,2949
1,193
1,662
1,90
1,576
1,2810
1,916
1,157
1,874
1,1575
1,21
1,1197
1,1348
1,309
1,1162
1,2720
1,1001
1,2467
1,3007
1,1075
1,481
1,153
1,934
1,394
1,870
1,259
1,2797
1,1714
1,2186
1,955
1,1278
1,950
1,699
1,1632
1,2183
1,1633
1,2397
1,496
1,603
1,767
1,2918
1,796
1,1344
1,1817
1,2842
1,2001
1,2760
1,1526
1,428
1,3006
1,1109
1,2753
1,1913
1,1704
1,199
1,434
1,1860
1,118
1,2929
1,2126
1,939
1,2459
1,2761
1,1180
1,1701
1,580
1,857
1,1276
1,1874
1,667
1,1809
1,1139
1,548
1,470
1,830
1,2061
1,1646
1,2041
1,424
1,2461
1,534
1,671
1,1705
1,806
1,2626
1,849
1,2802
1,143
1,658
1,836
1,2818
2,2
2,2322
5,2318
7,666
7,786
9,2421
12,2353
13,668
13,162
14,1316
14,14
14,84
14,1663
16,293
17,1323
17,701
18,2200
22,668
22,162
22,643
22,2773
22,704
25,1852
26,1785
27,2548
29,189
31,226
33,701
33,2497
33,2914
33,2548
34,1086
35,336
37,1654
37,2047
38,243
38,1225
38,1224
39,39
41,297
43,293
43,1785
45,293
46,701
48,668
48,48
50,293
52,666
52,1852
55,2606
57,2318
57,2864
58,2453
63,63
64,2227
64,2237
64,1410
65,433
68,293
69,666
71,701
71,1290
71,786
71,912
71,1755
72,95
73,1094
73,685
74,2493
76,124
77,2548
80,97
81,701
81,1239
81,1358
81,492
81,349
83,668
83,162
86,1701
86,86
87,1225
88,1740
88,97
89,89
90,701
90,1239
91,2337
92,92
93,1239
93,2495
93,627
93,666
93,2640
93,2698
93,2397
95,304
95,105
95,2311
95,574
95,2765
97,2914
97,666
97,2710
97,1477
101,1426
101,1415
101,2206
103,243
103,2470
103,678
105,105
106,106
108,666
109,109
109,2548
109,701
110,666
112,2349
112,927
114,666
114,701
114,593
114,1722
114,758
114,196
114,278
114,2777
114,848
120,2732
120,913
120,2787
120,923
120,737
120,607
120,2254
120,2207
123,2482
125,1001
126,2198
127,226
127,127
127,297
128,128
131,1852
131,701
131,666
132,668
132,162
132,1914
136,2289
137,2953
137,666
137,2221
137,2955
137,2968
137,2960
137,2957
140,701
142,1624
142,1428
144,701
145,297
145,194
145,1909
145,666
146,2710
149,149
150,1416
151,348
154,208
157,1239
159,600
160,243
163,701
164,2316
169,2636
169,169
170,2322
172,202
174,1673
174,2529
174,1740
174,701
174,286
174,1239
174,666
174,2914
174,2548
174,2190
174,1290
174,2418
174,2554
174,502
174,1932
174,2705
174,1115
174,1072
174,1001
174,2810
174,1440
174,1704
174,297
174,1265
174,1626
174,1518
174,732
174,2185
174,1271
174,2873
174,668
174,948
174,1907
174,1139
174,1130
174,653
174,1280
174,2684
174,2538
174,866
174,1810
175,668
175,2966
177,2543
178,666
178,178
184,1654
184,2319
184,2269
186,2200
187,187
188,1939
190,589
194,666
194,209
194,1063
195,1227
195,1740
196,1740
198,666
198,302
200,1701
200,589
200,200
201,201
204,2421
205,2256
205,1654
205,205
205,2579
205,2342
205,1614
206,2228
209,1181
210,1239
212,212
213,2559
213,2560
213,2293
213,2751
213,2321
217,2374
219,2455
221,1316
223,2485
223,1615
223,229
223,647
224,2603
224,2565
225,2807
225,225
225,1239
226,1740
226,1001
226,2150
226,1220
226,828
226,1848
226,1788
226,252
226,414
233,1654
234,266
236,2796
237,666
237,266
237,2749
237,2399
238,261
239,549
240,717
241,241
242,242
242,656
243,1272
243,243
243,1173
243,1515
243,2258
243,1572
243,1371
243,241
243,1590
243,1923
243,571
243,1295
243,354
243,1291
243,1874
243,1768
243,1535
243,2803
243,1551
243,393
243,2435
243,1354
245,635
245,245
247,465
247,906
247,1456
247,2790
247,1256
247,2628
247,1141
247,352
247,1855
247,1812
247,1794
247,794
248,1316
248,248
248,1633
248,849
253,1513
253,253
255,255
259,259
263,304
263,59
266,1225
266,1905
266,2280
267,1671
268,666
270,297
271,577
273,274
273,275
274,275
274,2618
274,980
274,2365
274,279
274,2576
275,1320
275,1369
278,666
278,1781
278,1483
278,652
278,1059
278,278
278,718
278,1096
279,279
279,2045
279,898
280,1166
280,280
280,15
280,2948
280,2920
280,2211
280,1639
280,2316
280,1931
280,2466
280,743
280,2317
280,2733
280,329
280,2005
280,2312
280,2269
281,2569
281,281
281,2434
281,2402
281,2193
281,104
285,2873
286,410
286,568
286,1673
286,701
286,348
286,589
286,1228
286,666
286,1166
286,373
286,2548
286,1863
286,1740
286,1755
286,517
286,2497
286,702
286,1890
286,1800
286,2903
286,1270
286,2914
286,2886
286,330
286,293
286,1001
286,162
286,668
286,297
286,1139
286,1899
286,1069
286,286
286,1416
286,790
286,2828
286,1107
286,2551
286,2041
286,1836
286,2116
286,285
286,1127
286,1891
286,396
286,435
286,1746
286,1901
286,492
286,2118
286,1062
286,2110
286,1266
286,1671
286,2610
286,1688
286,318
286,1826
286,2887
286,404
286,2819
286,2987
286,1897
286,2134
286,2873
286,183
286,2492
286,2196
286,1847
286,1068
286,917
286,1281
288,297
288,1890
290,2548
291,293
292,293
293,1740
293,2873
293,701
293,1239
293,666
293,2914
293,1225
293,1597
293,515
293,516
293,683
293,202
293,377
293,811
293,606
293,2640
293,519
293,2548
293,462
293,243
297,668
297,701
297,2497
297,1740
297,2923
297,666
297,2548
297,2914
297,1239
297,1722
297,1842
297,2513
297,586
297,1263
297,2141
297,1254
297,1749
297,283
297,1001
297,1793
297,180
299,1852
301,2200
302,302
303,2958
304,1728
304,956
304,1081
304,1648
304,1867
304,304
304,2101
304,836
304,2339
304,2411
304,2801
304,2415
304,1481
304,2796
304,742
304,1365
304,751
304,1168
304,2175
304,504
304,2745
304,349
314,314
315,1465
316,1171
316,2305
317,2887
317,136
317,1529
318,2931
319,2923
319,319
321,2484
321,321
322,2974
325,1377
325,2439
325,2394
325,2444
325,1643
325,327
325,334
327,168
327,2444
327,2244
327,2487
328,334
329,2920
329,381
330,2387
330,2972
330,2942
330,2938
330,2463
330,1654
330,2227
330,2555
330,2904
330,2307
330,92
330,1486
330,2339
330,2212
330,222
330,2195
330,1613
330,133
330,1847
330,2348
331,2306
331,2307
332,1001
332,589
333,2376
334,2444
334,334
335,1772
335,335
335,431
335,1166
338,2927
338,1391
341,2473
342,2200
342,3012
342,1818
342,2433
346,2545
346,431
348,771
348,1139
348,754
348,2703
348,1055
348,631
348,1627
348,39
348,2628
348,1466
348,1708
348,532
348,44
348,1207
348,2858
348,1814
348,2103
348,1159
348,2863
348,512
348,722
348,2536
348,2030
348,1287
348,946
348,1233
348,2435
354,354
355,355
356,776
359,359
359,257
359,2972
364,191
364,364
364,2261
364,2229
365,2425
365,666
365,101
367,370
370,863
370,1087
370,932
370,1095
370,781
370,1245
370,1189
373,2873
373,381
373,2215
373,382
373,431
373,375
373,2216
373,2223
373,379
373,380
373,1827
373,2979
373,187
373,2434
373,101
373,2560
373,2384
374,2879
374,2346
374,121
375,389
375,375
375,2283
375,379
375,60
375,2890
375,2994
375,14
375,2880
375,1504
376,592
377,1334
377,377
378,416
379,1574
379,379
379,2272
379,2883
379,2332
379,2937
379,2340
379,2430
379,2565
379,2897
379,2278
379,2768
379,2178
379,1851
380,2434
380,1391
380,2976
380,1727
380,2441
380,1823
381,164
381,2559
381,2434
381,2211
381,381
381,1877
381,2386
382,2938
382,2307
382,218
383,207
383,383
383,384
383,2251
384,2353
384,2471
386,386
389,2224
391,120
391,421
392,120
392,2567
392,2475
392,1815
392,2774
396,1386
396,2972
396,2996
396,1864
396,24
396,135
396,983
399,2916
400,568
400,724
401,401
401,431
401,2556
404,1586
404,1802
405,2972
405,2258
405,2270
405,1786
407,2484
407,407
410,2560
410,142
410,2927
411,2261
411,2272
412,120
413,413
413,1166
413,2873
413,2287
414,448
416,2392
416,2784
416,2486
417,171
417,1171
417,2481
418,954
418,2751
418,2102
418,418
419,450
421,120
421,472
421,3008
421,2945
421,98
421,119
421,2993
422,1463
422,2972
423,1913
427,2751
431,89
431,2396
431,1460
431,2305
431,1583
434,434
435,223
435,666
435,1001
435,1288
435,1807
435,1996
435,273
439,236
440,440
440,666
440,1420
442,442
442,798
444,243
444,348
447,589
447,447
447,666
449,2589
449,1406
450,1913
450,1589
450,1573
451,451
454,1913
456,1913
460,666
461,666
463,1218
465,1466
466,1913
467,467
467,1364
467,2646
467,2199
467,2858
467,1071
467,356
467,1126
467,2352
467,2717
467,2738
467,2759
469,589
475,666
476,243
476,348
478,478
482,774
484,1513
487,487
487,666
487,1814
488,1913
489,1913
490,666
492,2923
492,666
494,1470
499,499
501,501
503,566
503,503
508,508
508,1445
509,1913
512,512
513,666
513,2215
513,789
513,429
516,2078
517,1849
517,330
517,1755
517,3014
517,2411
517,2913
518,518
535,535
535,666
535,606
537,1487
537,464
537,1149
541,2323
541,736
543,434
544,2853
547,666
549,577
549,802
549,808
552,1913
553,1169
553,2751
553,975
553,553
553,965
554,348
554,554
554,666
554,1545
554,1730
554,138
555,1239
556,1563
556,556
556,666
556,780
556,778
557,701
559,1133
559,2215
565,1741
566,493
566,579
566,2758
566,2435
568,721
568,1740
568,1001
568,1239
568,666
568,2914
568,2548
568,1913
568,724
568,1914
568,1416
568,782
571,571
576,578
577,852
577,666
577,1692
577,577
577,1654
577,803
577,684
577,854
577,855
577,800
577,958
577,1361
577,2652
577,839
577,691
577,831
577,838
578,578
579,579
582,759
585,585
589,236
589,2923
589,666
589,2938
589,2196
589,2247
589,1086
589,2337
589,528
589,1373
589,1081
589,1958
589,235
589,2304
589,1462
589,1316
589,1867
589,1372
589,1895
589,222
589,2888
589,133
589,1517
589,1414
589,2594
589,42
589,2753
589,474
589,1317
590,666
591,2493
592,1123
593,593
600,666
600,2176
600,152
600,2731
602,666
605,1139
605,1626
608,2295
608,666
608,2740
611,855
612,1861
613,1513
613,613
615,2859
615,615
627,627
635,635
635,2851
636,1913
636,569
649,850
650,650
650,1646
653,2923
653,1266
653,2627
653,1769
654,639
654,1169
655,1913
659,1701
659,659
659,666
659,1278
661,661
662,1001
664,2123
664,664
664,1169
664,666
664,1243
664,1211
664,911
664,967
664,1994
664,2098
664,1412
664,1229
666,1718
666,348
666,1513
666,1228
666,1473
666,1875
666,2725
666,2748
666,2130
666,1579
666,2294
666,1863
666,2882
666,1654
666,2903
666,304
666,2396
666,101
666,2886
666,2421
666,263
666,2491
666,1094
666,2374
666,1066
666,1086
666,1915
666,1139
666,1421
666,1150
666,2449
666,366
666,243
666,1972
666,1069
666,1001
666,1073
666,885
666,669
666,656
666,1176
666,1416
666,2358
666,2125
666,497
666,1173
666,1135
666,247
666,1602
666,1107
666,1510
666,1781
666,2071
666,2004
666,1458
666,2555
666,2210
666,1079
666,1376
666,1701
666,1676
666,458
666,1358
666,912
666,1958
666,2368
666,795
666,918
666,255
666,2114
666,2272
666,1216
666,2977
666,2427
666,739
666,525
666,2104
666,1127
666,2447
666,1399
666,2354
666,2996
666,1266
666,185
666,2376
666,1779
666,1174
666,1819
666,1061
666,1820
666,1939
666,2037
666,940
666,1944
666,1485
666,2990
666,832
666,1787
666,953
666,2806
666,205
666,1531
666,2775
666,1857
666,1235
666,1873
666,369
666,1629
666,1503
666,2979
666,753
666,545
666,2016
666,187
666,2889
666,1926
666,1637
666,1974
666,1350
666,249
666,2626
666,1161
666,1155
666,1671
666,1885
666,214
666,1014
666,1085
666,1304
666,857
666,1090
666,1799
666,1688
666,1509
666,1110
666,1156
666,1870
666,1948
666,635
666,851
666,697
666,708
666,1665
666,944
666,1711
666,1459
666,1436
666,451
666,1172
666,2846
666,1408
666,248
666,386
666,2452
666,1841
666,385
666,985
666,2404
666,1352
666,874
666,2416
666,723
666,1575
666,514
666,1592
666,1230
666,2014
666,1153
666,922
666,1340
666,1496
666,1101
666,1397
666,1826
666,1348
666,978
666,1158
666,1178
666,1845
666,1476
666,670
666,1704
666,1429
666,650
666,1520
666,1052
666,2926
666,177
666,2309
666,2239
666,2473
666,61
666,2298
666,2936
666,2255
666,2405
666,2273
666,1522
666,2338
666,1507
666,1077
666,1904
666,1083
666,2867
666,269
666,1068
666,1796
666,2252
666,394
666,955
666,2724
666,2336
666,2539
666,601
666,1383
666,924
666,2586
666,2080
666,67
666,1954
666,546
666,2757
666,842
666,648
666,2154
666,804
666,1489
666,527
666,1843
666,882
666,889
666,1264
666,2680
666,345
666,2676
666,1920
666,1603
666,1876
666,2813
666,1571
666,457
666,2241
666,1536
666,2147
666,1400
666,2327
666,1424
666,1712
666,968
666,2352
666,54
666,820
666,987
666,673
666,2183
666,436
666,2324
666,1951
666,1669
666,455
666,1187
666,1446
666,1368
666,1443
666,2164
666,2082
666,2122
666,2000
666,2163
666,1208
666,2152
666,1871
666,2153
666,2032
666,972
666,2099
666,2090
666,1995
666,1999
666,2066
666,1641
666,796
666,528
666,1344
666,1498
666,1528
666,770
666,2622
666,1622
666,876
666,1252
666,2604
666,1651
666,2726
666,3006
666,2826
666,1780
666,2600
666,1362
666,1501
666,1502
666,1500
666,2067
666,725
666,1865
666,1889
666,1534
666,1065
666,2564
666,921
666,2395
666,2177
666,919
666,1795
666,1525
666,1896
666,1725
666,1159
666,1444
666,1721
666,1160
666,994
666,2308
666,1082
666,1812
666,794
666,1934
666,1719
666,1521
666,2884
666,1539
666,573
666,2235
666,749
666,2700
666,2929
666,1454
666,2863
666,1576
666,651
666,1709
666,2127
666,1907
666,1012
666,2075
666,2113
666,158
666,2182
666,1623
666,352
666,2315
666,1289
666,631
666,2143
666,2798
666,801
666,227
666,867
666,1210
666,1910
666,1720
666,1423
666,899
666,1202
666,548
666,2184
666,2679
666,448
666,512
666,1608
666,1105
666,661
666,824
666,1370
666,1514
666,2881
666,2850
666,523
666,2814
666,1832
666,2624
666,2191
666,1638
666,1658
666,2590
666,793
666,2791
666,533
666,1723
666,1278
666,1548
666,1705
666,143
666,2620
666,682
666,543
666,1924
666,529
666,722
666,2694
666,1403
666,563
666,1449
666,1192
666,79
666,2805
666,750
666,1121
666,1452
666,1872
666,935
666,567
666,2285
666,216
666,1523
666,479
666,113
666,2428
666,835
666,2538
666,1782
666,2157
668,1740
668,1239
668,666
668,2914
668,2548
668,1001
668,162
668,675
668,687
668,1218
668,644
668,1839
670,670
670,2337
670,424
672,566
672,672
679,2686
679,1853
681,681
681,2119
681,2125
683,1001
683,1225
685,685
685,701
685,1239
685,2914
685,1094
685,515
685,1546
685,2702
685,961
685,1350
685,560
685,1429
685,585
685,1091
685,1199
685,1623
686,745
688,2725
689,2056
689,1673
690,692
690,2491
690,936
690,2136
690,1600
692,2421
692,937
693,243
694,248
698,853
701,702
701,1239
701,1673
701,2685
701,1740
701,2497
701,1280
701,1718
701,1139
701,666
701,589
701,2923
701,2548
701,814
701,1856
701,1579
701,816
701,1316
701,1447
701,701
701,2873
701,592
701,1863
701,2647
701,164
701,379
701,304
701,1800
701,2917
701,154
701,2871
701,3009
701,281
701,1001
701,893
701,418
701,243
701,1744
701,1302
701,956
701,576
701,1915
701,2351
701,2337
701,2785
701,896
701,2041
701,1793
701,2859
701,1069
701,758
701,2325
701,656
701,1513
701,1416
701,877
701,1654
701,497
701,2200
701,247
701,449
701,2828
701,1107
701,2037
701,2071
701,1458
701,1760
701,2551
701,1308
701,2635
701,1701
701,1631
701,1676
701,2571
701,1127
701,2420
701,795
701,375
701,957
701,2763
701,2015
701,1746
701,2648
701,40
701,1143
701,1305
701,486
701,945
701,2427
701,370
701,739
701,485
701,492
701,1893
701,2621
701,2697
701,2003
701,2447
701,1772
701,976
701,1062
701,435
701,1387
701,2725
701,566
701,2799
701,1617
701,542
701,974
701,1820
701,2933
701,499
701,1411
701,2975
701,1355
701,508
701,1600
701,703
701,2905
701,1142
701,2279
701,832
701,1236
701,536
701,1982
701,1195
701,1710
701,598
701,2806
701,1531
701,2398
701,604
701,2377
701,467
701,2952
701,2677
701,1637
701,1940
701,1944
701,1161
701,461
701,1462
701,653
701,1671
701,2460
701,1595
701,1477
701,1304
701,2786
701,2941
701,1790
701,1688
701,558
701,305
701,1307
701,230
701,905
701,1156
701,1870
701,1723
701,851
701,1543
701,1581
701,657
701,1582
701,2368
701,265
701,451
701,1401
701,2951
701,1490
701,1527
701,662
701,735
701,1054
701,705
701,1078
701,482
701,2371
701,2347
701,1352
701,916
701,2276
701,1164
701,518
701,242
701,1212
701,1163
701,1060
701,1575
701,1592
701,2999
701,1084
701,2383
701,2550
701,756
701,2678
701,359
701,358
701,21
701,2443
701,1440
701,1101
701,1826
701,2404
701,848
701,1959
701,1348
701,1009
701,1158
701,1737
701,869
701,887
701,2911
701,2364
701,1246
701,713
701,56
701,1704
701,1580
701,357
701,992
701,309
701,1448
701,1520
701,1265
701,136
701,1064
701,267
701,238
701,413
701,1967
701,2201
701,66
701,406
701,296
701,2886
701,316
701,2359
701,58
701,2298
701,3003
701,2928
701,1735
701,2281
701,2263
701,2463
701,1177
701,2675
701,1399
701,820
701,864
701,1274
701,1716
701,1075
701,915
701,2234
701,1315
701,1775
701,1097
701,1619
701,846
701,1083
701,481
701,1825
701,39
701,2326
701,269
701,1068
701,857
701,1439
701,872
701,1494
701,2372
701,870
701,477
701,1682
701,259
701,981
701,791
701,1356
701,1518
701,2412
701,1217
701,2586
701,1923
701,1118
701,2186
701,917
701,491
701,67
701,1702
701,1773
701,732
701,539
701,2185
701,2154
701,1424
701,1080
701,1806
701,1264
701,564
701,2800
701,1278
701,141
701,1920
701,1603
701,1216
701,2001
701,2757
701,1379
701,2780
701,1632
701,2241
701,1536
701,2601
701,302
701,2594
701,1532
701,2327
701,2291
701,1712
701,1900
701,2424
701,901
701,551
701,54
701,1605
701,1298
701,1106
701,1829
701,1495
701,478
701,436
701,1635
701,1511
701,1669
701,455
701,2844
701,147
701,1172
701,2472
701,590
701,1821
701,1542
701,96
701,511
701,2139
701,2706
701,1240
701,1578
701,1799
701,2151
701,2422
701,1422
701,2454
701,1528
701,1817
701,1404
701,663
701,2583
701,1666
701,963
701,2760
701,1193
701,1526
701,2290
701,626
701,638
701,2537
701,1425
701,2826
701,1912
701,873
701,2121
701,2817
701,1186
701,1780
701,1472
701,709
701,1353
701,426
701,2103
701,1488
701,1474
701,1606
701,1109
701,2208
701,2577
701,2084
701,2600
701,1703
701,1585
701,1987
701,1362
701,2718
701,2753
701,1157
701,1889
701,2086
701,1690
701,1450
701,2395
701,2177
701,919
701,1726
701,2320
701,1896
701,1596
701,360
701,504
701,597
701,2308
701,1812
701,712
701,522
701,729
701,2740
701,1366
701,2823
701,2536
701,500
701,861
701,572
701,1478
701,2989
701,1803
701,1918
701,1607
701,939
701,2126
701,484
701,2314
701,1907
701,2331
701,1811
701,2180
701,1550
701,531
701,129
701,2746
701,495
701,1209
701,1587
701,273
701,2756
701,2870
701,2459
701,158
701,403
701,2824
701,580
701,637
701,2613
701,361
701,0
701,1056
701,100
701,867
701,1318
701,1442
701,2809
701,1210
701,1120
701,845
701,2850
701,1685
701,1630
701,776
701,1187
701,942
701,2591
701,2477
701,2476
701,2478
701,2792
701,2026
701,824
701,47
701,397
701,2881
701,914
701,599
701,523
701,1832
701,1917
701,51
701,2692
701,1566
701,2144
701,2617
701,1658
701,871
701,2161
701,1434
701,883
701,1656
701,2788
701,641
701,2912
701,2930
701,2671
701,2808
701,634
701,1535
701,1774
701,1548
701,1713
701,2866
701,2100
701,1277
701,255
701,1375
701,2620
701,1945
701,910
701,2771
701,2921
701,2390
701,1696
701,1074
701,562
701,1121
701,1452
701,1378
701,844
701,2909
701,1956
701,498
701,173
701,2040
701,1886
701,946
701,2747
701,2723
701,2266
701,2684
701,2782
701,1715
701,1873
701,596
701,192
701,2189
701,1088
701,2950
701,616
701,731
701,2625
701,769
701,779
701,1244
701,717
701,2267
701,884
701,181
701,1804
701,2344
701,1395
701,1154
701,835
701,2575
701,2967
701,2538
701,1482
701,866
701,805
701,1260
701,1782
701,2612
701,2869
701,837
701,1099
702,1849
702,1755
702,2942
702,2872
702,1890
702,2284
702,2603
702,1166
702,2238
702,1270
702,101
702,2919
702,2917
702,3009
702,1653
702,1103
702,1267
702,2804
702,410
702,1759
702,2555
702,703
702,2904
702,2871
702,156
702,375
702,2307
702,315
702,405
702,319
702,2007
702,3003
702,1611
702,317
702,301
702,2822
702,2920
702,1771
702,2348
702,2444
702,702
702,1200
702,401
702,1389
702,420
702,1647
702,2994
702,2195
702,66
702,316
702,2888
702,105
702,2733
702,2928
702,2946
702,148
702,139
702,2636
702,2557
702,1504
702,2312
702,2269
702,1702
702,2693
702,1834
702,2400
702,1859
702,1892
702,1147
703,912
703,956
703,2139
703,1313
703,1294
703,1966
703,1933
703,2219
703,1799
714,1513
715,1010
715,1239
715,1069
715,680
717,717
718,759
719,413
719,790
724,1601
727,1473
727,1588
727,1791
727,1359
727,483
727,768
727,2673
727,594
727,1854
727,314
727,640
727,757
727,1805
727,2246
727,727
728,256
728,2839
733,1169
733,1249
740,2979
744,1913
745,1461
745,666
745,1913
759,1781
759,570
760,1853
760,2494
762,1326
762,1321
763,666
764,1759
766,2396
766,373
767,767
772,1913
773,1483
776,386
777,251
786,2972
786,2223
786,1654
786,1849
786,1800
786,1213
786,1895
786,2293
797,798
797,1962
798,1127
798,1958
798,1374
798,1935
798,1921
798,1303
799,799
799,1011
801,801
809,700
809,243
812,1228
812,2493
813,816
814,815
814,241
814,727
815,1473
815,816
816,307
816,1123
816,1598
816,314
816,727
816,501
816,841
816,768
816,583
816,2302
816,1124
816,1588
816,816
816,1337
816,1805
817,1179
817,1123
818,1473
820,820
822,1150
822,822
826,2652
834,2493
843,843
849,849
852,355
852,438
852,1691
852,852
852,1223
852,2174
853,1417
853,1915
853,1438
853,825
874,1001
874,874
874,1416
874,2608
874,1151
874,1886
888,888
888,1296
888,1671
891,1447
893,893
893,2794
895,2751
895,895
895,1171
895,2408
895,1245
895,1517
896,1475
896,310
897,1775
902,1243
912,954
912,912
915,588
917,1001
917,917
918,1093
922,212
924,963
930,2775
931,1593
932,932
938,1211
940,1067
940,940
940,1997
940,2106
940,2094
940,2139
940,1995
940,1247
940,1222
940,2156
940,2155
940,1234
940,1232
940,1229
943,2129
943,943
943,243
943,2671
944,944
944,1542
945,945
949,949
950,950
950,1513
953,953
954,954
956,1262
956,956
956,1279
956,1283
956,1282
956,960
956,1284
956,1285
957,1084
957,185
957,957
957,2535
957,2940
957,933
958,1929
966,241
971,656
971,1112
971,2313
973,656
974,1115
984,1416
985,2371
985,985
985,3010
992,992
992,585
992,667
993,1940
993,949
998,348
1001,2923
1001,1228
1001,386
1001,162
1001,1139
1001,1416
1001,1010
1001,243
1001,1480
1001,223
1001,1296
1001,1355
1001,1701
1001,2615
1001,1688
1001,2816
1001,1142
1001,2101
1001,1371
1001,1197
1001,1826
1001,1316
1001,1166
1001,1274
1001,1625
1001,1769
1001,1185
1001,1011
1001,1884
1001,1151
1001,387
1001,988
1001,2684
1001,4
1006,1132
1011,1011
1011,493
1011,1862
1054,1054
1054,656
1055,1055
1058,1416
1059,1483
1060,1060
1060,1781
1061,2630
1062,1266
1063,1063
1063,754
1068,2923
1068,1068
1069,2923
1069,1122
1069,1079
1069,2830
1069,360
1069,434
1069,40
1069,480
1069,2188
1069,1869
1069,2870
1072,1073
1077,1077
1079,1079
1080,1080
1084,1348
1084,228
1084,4
1086,1086
1086,2873
1086,2136
1086,2337
1087,1255
1101,2634
1103,2434
1103,410
1103,1198
1103,1138
1103,1890
1103,1888
1103,1104
1103,156
1103,1140
1107,2923
1107,446
1107,2727
1107,1516
1107,520
1107,2755
1107,521
1107,254
1107,928
1107,929
1107,251
1107,203
1107,2121
1107,2669
1113,1853
1114,1853
1115,1115
1117,1853
1119,1853
1123,908
1127,2923
1127,348
1127,1127
1127,2618
1127,2356
1127,2100
1127,1721
1129,2107
1129,1673
1133,1673
1136,1418
1136,1136
1136,2434
1136,373
1136,78
1136,2898
1136,201
1136,338
1136,1137
1136,213
1136,1537
1136,2997
1137,328
1137,2265
1138,666
1139,1553
1139,1563
1139,1558
1139,2737
1139,1552
1139,2574
1139,2570
1139,1269
1139,765
1139,780
1139,2739
1139,1557
1139,1554
1139,1545
1139,778
1139,1561
1139,1555
1139,1560
1139,2734
1139,2736
1139,2842
1139,1268
1139,775
1139,1811
1139,931
1140,2927
1140,1890
1142,2133
1142,1999
1142,1222
1142,2156
1142,2155
1142,1232
1147,1147
1155,1155
1156,1156
1159,1159
1164,1164
1165,2421
1165,1165
1166,1170
1166,142
1166,2972
1166,2170
1166,1169
1166,1171
1166,2074
1166,2261
1166,1166
1166,2484
1166,1724
1166,2451
1166,116
1166,2827
1166,1801
1166,1255
1166,2460
1166,264
1166,453
1166,2343
1166,2260
1166,2545
1166,12
1166,2672
1166,2978
1166,2410
1166,2301
1166,323
1166,1167
1166,1783
1166,1966
1166,1578
1166,1942
1166,1964
1166,1946
1166,1519
1166,2226
1166,1147
1166,232
1166,788
1167,1148
1167,991
1169,2062
1169,1971
1169,1483
1169,2037
1169,2071
1169,2142
1169,2114
1169,676
1169,1491
1169,2102
1169,996
1169,949
1169,1350
1169,1824
1169,1783
1169,363
1169,2164
1169,2122
1169,2112
1169,986
1169,1190
1169,2099
1169,965
1170,2882
1170,206
1170,530
1170,1609
1170,2197
1170,695
1170,2294
1170,1903
1170,2309
1170,1493
1170,1336
1170,2455
1170,2582
1170,2473
1170,635
1170,1783
1170,1446
1170,1860
1171,2238
1171,15
1171,1609
1171,695
1171,11
1171,1665
1171,801
1171,2596
1171,117
1171,2582
1171,2437
1171,367
1171,1446
1171,1783
1171,1587
1171,262
1172,1401
1172,53
1172,2923
1172,2788
1172,1656
1173,1173
1175,495
1176,2775
1178,256
1178,1316
1184,1513
1187,1654
1190,1190
1192,1192
1198,373
1198,2611
1200,1890
1201,2807
1205,1853
1205,2131
1206,2421
1211,1243
1212,1212
1213,666
1213,1755
1213,2128
1217,1217
1220,1139
1221,666
1221,2119
1221,2085
1221,2091
1221,959
1221,418
1221,2764
1221,1971
1221,2088
1221,2089
1221,979
1221,1870
1221,2169
1221,1470
1221,2225
1221,2222
1221,2219
1221,1191
1221,1385
1221,995
1221,1953
1221,1219
1221,982
1221,1221
1221,2151
1221,1259
1221,2162
1221,962
1221,1311
1221,1508
1224,1225
1225,2548
1225,666
1225,1165
1225,822
1225,506
1225,858
1225,823
1225,2399
1225,2758
1225,2884
1225,1209
1228,981
1237,2513
1237,666
1237,733
1238,1239
1239,2497
1239,1673
1239,1513
1239,589
1239,1740
1239,2914
1239,1228
1239,727
1239,1692
1239,666
1239,1856
1239,1001
1239,1166
1239,1654
1239,2729
1239,2750
1239,943
1239,1863
1239,707
1239,2685
1239,646
1239,1800
1239,1170
1239,1416
1239,396
1239,304
1239,1785
1239,1171
1239,2548
1239,2711
1239,1852
1239,893
1239,433
1239,2807
1239,2374
1239,243
1239,1169
1239,1086
1239,1447
1239,535
1239,1706
1239,2572
1239,2351
1239,1139
1239,2337
1239,896
1239,2150
1239,2902
1239,487
1239,1066
1239,1069
1239,2900
1239,2966
1239,1181
1239,2907
1239,669
1239,656
1239,2041
1239,1767
1239,497
1239,2516
1239,608
1239,1011
1239,1005
1239,247
1239,2899
1239,538
1239,505
1239,2828
1239,1107
1239,1053
1239,440
1239,1546
1239,1982
1239,1760
1239,2551
1239,2379
1239,713
1239,2775
1239,1004
1239,1084
1239,223
1239,15
1239,1784
1239,2442
1239,2725
1239,900
1239,485
1239,1471
1239,1893
1239,888
1239,348
1239,446
1239,1789
1239,1266
1239,1409
1239,1357
1239,435
1239,672
1239,371
1239,892
1239,1061
1239,1820
1239,467
1239,2933
1239,320
1239,957
1239,522
1239,903
1239,1355
1239,1445
1239,1485
1239,1000
1239,623
1239,905
1239,2277
1239,1453
1239,716
1239,1178
1239,369
1239,1610
1239,1798
1239,753
1239,20
1239,670
1239,2952
1239,2517
1239,249
1239,1671
1239,1885
1239,2480
1239,475
1239,1363
1239,1628
1239,1204
1239,1544
1239,1156
1239,1870
1239,1543
1239,602
1239,1144
1239,2367
1239,554
1239,1436
1239,451
1239,605
1239,660
1239,2790
1239,1055
1239,1420
1239,985
1239,694
1239,1475
1239,922
1239,1246
1239,1164
1239,1795
1239,2044
1239,1230
1239,659
1239,1879
1239,999
1239,2731
1239,2678
1239,1101
1239,1397
1239,86
1239,453
1239,978
1239,862
1239,445
1239,887
1239,1476
1239,1627
1239,2823
1239,2708
1239,1052
1239,37
1239,820
1239,1274
1239,588
1239,1775
1239,1427
1239,1083
1239,269
1239,1068
1239,2699
1239,2542
1239,1071
1239,575
1239,469
1239,1809
1239,259
1239,1518
1239,2724
1239,2412
1239,1242
1239,909
1239,1419
1239,807
1239,1424
1239,2080
1239,1912
1239,748
1239,1954
1239,1185
1239,2757
1239,842
1239,252
1239,629
1239,804
1239,527
1239,2918
1239,1365
1239,2336
1239,882
1239,889
1239,907
1239,441
1239,677
1239,875
1239,2001
1239,1379
1239,615
1239,987
1239,673
1239,496
1239,1172
1239,1396
1239,603
1239,1167
1239,2094
1239,1350
1239,2513
1239,1422
1239,1344
1239,228
1239,1215
1239,2308
1239,969
1239,2730
1239,2986
1239,2583
1239,1666
1239,1349
1239,2604
1239,1651
1239,799
1239,1640
1239,1538
1239,579
1239,638
1239,1175
1239,1286
1239,2188
1239,1924
1239,1577
1239,725
1239,880
1239,1157
1239,1889
1239,1074
1239,3000
1239,2401
1239,1524
1239,253
1239,2564
1239,345
1239,921
1239,2419
1239,229
1239,1346
1239,1264
1239,1896
1239,948
1239,360
1239,1649
1239,1699
1239,994
1239,729
1239,480
1239,794
1239,1341
1239,749
1239,1454
1239,1576
1239,1012
1239,696
1239,2742
1239,2798
1239,989
1239,227
1239,2431
1239,47
1239,2061
1239,63
1239,523
1239,1406
1239,1063
1239,1832
1239,1339
1239,2461
1239,2617
1239,1658
1239,1794
1239,1952
1239,1567
1239,2769
1239,2590
1239,1878
1239,2912
1239,2930
1239,492
1239,897
1239,2620
1239,1868
1239,529
1239,2812
1239,1696
1239,2171
1239,2599
1239,2677
1239,890
1239,738
1239,1174
1239,1082
1239,563
1239,865
1239,941
1239,1392
1239,1188
1239,368
1239,1231
1239,216
1239,2806
1239,1782
1239,1599
1239,2465
1240,1671
1240,2923
1240,1963
1240,1968
1240,1985
1241,666
1241,1755
1241,2712
1241,2009
1243,1250
1245,1255
1248,1741
1251,666
1252,1252
1254,1254
1255,932
1255,2754
1255,1255
1256,2971
1257,1426
1257,1800
1257,3004
1257,2923
1257,1755
1257,2120
1257,2318
1259,1259
1263,2429
1266,1266
1266,1644
1267,375
1267,1267
1267,1171
1267,14
1267,2894
1267,2286
1270,330
1270,1270
1270,1275
1270,231
1273,2387
1273,1755
1273,2972
1273,1849
1273,2293
1273,2117
1273,64
1273,2861
1273,1919
1273,24
1273,1870
1273,2595
1273,2343
1273,2282
1273,2719
1273,36
1275,1275
1275,666
1275,2216
1275,300
1275,1754
1275,30
1275,3014
1275,2683
1275,76
1278,1278
1278,710
1280,2914
1280,1228
1280,1863
1280,1740
1280,2041
1280,1416
1280,669
1280,1001
1280,348
1280,445
1280,2362
1280,1068
1280,1957
1280,1151
1290,2972
1290,1849
1290,1755
1290,2418
1290,2932
1290,2409
1292,1781
1293,1293
1296,2722
1299,374
1299,1833
1299,2972
1299,1849
1299,1755
1299,373
1299,384
1299,1299
1299,666
1299,383
1299,589
1299,28
1299,2363
1299,970
1299,2923
1299,1319
1309,1309
1311,1313
1311,1311
1312,2807
1313,1384
1313,1313
1314,1316
1316,2703
1316,1540
1316,749
1316,2196
1316,2001
1321,1673
1321,912
1321,1679
1322,1059
1322,1673
1323,1673
1323,243
1323,943
1323,1885
1323,1681
1323,1602
1324,1673
1324,2387
1324,1660
1324,1792
1324,1057
1324,2019
1324,1698
1324,879
1325,2635
1325,1673
1325,1678
1325,2752
1325,1681
1325,818
1325,810
1325,1757
1325,1602
1325,1780
1326,1673
1326,2710
1326,1660
1326,1792
1326,2752
1326,2633
1327,1673
1327,2141
1327,632
1327,477
1327,437
1327,1837
1327,1469
1327,2631
1327,1685
1328,1483
1328,1673
1328,2621
1329,1673
1330,1657
1330,1673
1330,1936
1330,510
1331,2544
1331,1673
1332,2941
1332,1673
1332,2140
1332,868
1332,443
1332,198
1333,1673
1334,471
1334,1673
1334,1066
1334,2901
1334,1689
1335,1673
1335,463
1335,2773
1335,1635
1335,730
1335,478
1342,1759
1345,2421
1347,2374
1347,128
1347,2589
1347,518
1347,1134
1347,1217
1349,2291
1349,1349
1350,2173
1350,418
1355,1355
1358,1358
1364,2784
1366,1416
1367,1944
1373,1360
1376,1376
1382,2751
1383,1383
1383,247
1383,746
1386,1410
1394,370
1397,1397
1399,211
1399,781
1406,1406
1407,459
1411,1116
1413,2037
1413,983
1416,1455
1416,1701
1416,1542
1416,1296
1416,274
1416,2799
1416,371
1416,508
1416,1516
1416,1813
1416,1309
1416,1688
1416,2361
1416,295
1416,2923
1416,1475
1416,2999
1416,1911
1416,2345
1416,2823
1416,102
1416,1463
1416,149
1416,1618
1416,2413
1416,1912
1416,1080
1416,2676
1416,1571
1416,2327
1416,353
1416,2472
1416,612
1416,2152
1416,1424
1416,894
1416,503
1416,1934
1416,665
1416,1478
1416,752
1416,1634
1416,1521
1416,414
1416,1807
1416,1743
1416,273
1416,1203
1416,1551
1416,2613
1416,2280
1416,886
1416,2753
1416,2026
1416,734
1416,298
1416,599
1416,2965
1416,3001
1416,2191
1419,2279
1419,1419
1421,1242
1422,1422
1425,1641
1429,1429
1436,1436
1438,1549
1443,2827
1443,1443
1445,2252
1446,1654
1446,2243
1446,1858
1446,850
1446,511
1446,628
1446,767
1447,2337
1448,807
1463,386
1464,243
1466,2790
1468,2051
1473,1473
1473,1692
1473,355
1473,2681
1473,757
1475,1475
1476,1476
1476,807
1476,2371
1477,1477
1478,707
1480,1480
1482,661
1483,1506
1483,1483
1483,1612
1483,2973
1483,1748
1483,2776
1483,130
1487,635
1487,1487
1487,2294
1491,1654
1499,1499
1505,821
1513,1309
1513,1628
1513,2345
1513,878
1513,1951
1513,663
1513,2092
1513,1346
1513,1911
1513,2613
1513,100
1513,2965
1513,2191
1513,1287
1513,563
1513,2045
1517,1517
1522,372
1531,348
1532,2149
1534,1534
1535,819
1542,1707
1542,635
1542,1729
1545,1545
1547,1701
1551,1551
1556,1913
1558,2741
1559,1913
1562,1913
1564,1913
1565,1913
1568,1913
1569,1913
1570,1913
1571,1571
1571,2717
1571,2537
1578,1960
1578,1578
1578,1938
1578,2456
1580,1580
1584,243
1584,348
1588,904
1589,1913
1590,345
1590,1590
1591,918
1591,1306
1594,1594
1594,1795
1603,1603
1605,1605
1605,247
1616,635
1619,1516
1621,1621
1627,386
1627,1627
1628,1628
1634,1634
1634,717
1635,1635
1637,1637
1646,1646
1647,2672
1652,843
1652,2242
1653,2840
1653,2603
1653,2873
1653,2843
1653,2836
1653,2834
1653,2832
1654,2439
1654,954
1654,2318
1654,2815
1654,2197
1654,1665
1654,135
1654,2373
1654,1484
1654,507
1654,2330
1654,2213
1654,1733
1654,2974
1654,1336
1654,2448
1654,2405
1654,2436
1654,584
1654,1828
1654,2248
1654,1481
1654,747
1654,1253
1654,1398
1654,2829
1654,1192
1659,1169
1661,1673
1662,1673
1663,1663
1664,1673
1664,2056
1665,1729
1667,2387
1667,1673
1667,1480
1668,666
1670,1673
1671,2615
1671,2362
1671,1884
1671,947
1671,1671
1671,779
1671,1810
1672,1673
1673,1675
1673,1740
1673,666
1673,2548
1673,1683
1673,2056
1673,1695
1673,1674
1673,1687
1673,1686
1673,1677
1673,1800
1673,1693
1673,1694
1673,1416
1675,1747
1675,1627
1676,1676
1676,1492
1677,1697
1680,1170
1680,1680
1680,666
1684,2133
1686,1816
1688,644
1688,1894
1691,241
1691,1691
1691,666
1691,1654
1692,2302
1692,583
1701,2708
1701,868
1701,1710
1701,2824
1714,1554
1714,1555
1717,15
1717,2217
1718,2751
1721,1721
1725,2191
1726,1726
1731,908
1731,1731
1732,1759
1733,1733
1734,348
1736,743
1739,1741
1740,2914
1740,1718
1740,1228
1740,666
1740,783
1740,1001
1740,2497
1740,2548
1740,396
1740,304
1740,1800
1740,1166
1740,243
1740,2041
1740,1416
1740,2828
1740,1107
1740,2037
1740,1479
1740,2551
1740,1127
1740,2715
1740,1399
1740,1062
1740,240
1740,435
1740,2975
1740,2990
1740,653
1740,151
1740,2368
1740,1078
1740,1266
1740,1256
1740,1826
1740,1520
1740,1486
1740,2888
1740,1315
1740,1603
1740,2147
1740,2597
1740,2830
1740,1172
1740,2454
1740,1526
1740,2067
1740,531
1740,1120
1740,2745
1741,421
1741,2603
1741,2853
1741,287
1741,350
1742,2751
1745,240
1746,2532
1746,243
1746,2923
1746,1746
1746,666
1746,2914
1746,2548
1755,1800
1755,410
1755,379
1755,2529
1755,2872
1755,1755
1755,1426
1755,1166
1755,2935
1755,2886
1755,396
1755,1853
1755,2548
1755,3004
1755,2874
1755,1480
1755,280
1755,2903
1755,1887
1755,2852
1755,2908
1755,2607
1755,92
1755,2975
1755,2592
1755,332
1755,2200
1755,2108
1755,304
1755,1880
1755,1759
1755,2338
1755,1902
1755,2595
1755,321
1755,1484
1755,2947
1755,306
1755,351
1755,272
1755,301
1755,267
1755,407
1755,2414
1755,364
1755,2202
1755,2388
1755,2561
1755,420
1755,2250
1755,341
1755,220
1755,179
1755,2910
1755,2298
1755,2384
1755,2877
1755,219
1755,2927
1755,2928
1755,2249
1755,2292
1755,1388
1755,2415
1755,2985
1755,2455
1755,761
1755,165
1755,1522
1759,2923
1759,1759
1759,1800
1759,2982
1759,156
1759,2853
1759,347
1759,2380
1759,322
1759,2603
1759,373
1759,155
1759,319
1759,2426
1759,2300
1759,350
1759,311
1759,2070
1760,2351
1761,593
1761,2585
1761,1761
1761,433
1761,2751
1767,666
1767,1196
1769,601
1769,1769
1771,1771
1772,2540
1772,1639
1772,1931
1772,2466
1772,1736
1772,2317
1772,2005
1772,2862
1772,2214
1772,2271
1772,1859
1776,2686
1776,1853
1778,589
1778,1306
1780,1780
1781,2988
1781,892
1781,2825
1781,2639
1781,1961
1781,468
1783,1783
1784,1143
1784,1784
1784,1511
1784,1898
1785,1652
1785,1800
1785,388
1785,755
1785,1183
1785,665
1785,1780
1791,1791
1791,1473
1795,1795
1795,752
1796,1796
1797,1014
1797,1797
1797,1800
1798,853
1799,1293
1799,1799
1799,1002
1800,2497
1800,2603
1800,666
1800,2874
1800,413
1800,2548
1800,178
1800,2146
1800,720
1800,1880
1800,2551
1800,706
1800,1131
1808,348
1810,2566
1813,243
1820,2735
1820,2781
1820,1923
1820,1128
1820,147
1820,310
1820,426
1820,1820
1821,1857
1826,1708
1830,1849
1831,1483
1832,1348
1832,2923
1833,1833
1833,666
1833,1416
1835,2603
1835,313
1840,759
1844,1844
1844,348
1849,2686
1849,2972
1849,95
1849,2322
1849,2886
1849,330
1849,2919
1849,2856
1849,2571
1849,123
1849,2873
1849,211
1849,2529
1849,2975
1849,405
1849,2460
1849,212
1849,2028
1849,3013
1849,1895
1849,102
1849,422
1849,29
1849,267
1849,2876
1849,432
1849,359
1849,2888
1849,2619
1849,2311
1849,1166
1849,2541
1849,169
1849,788
1850,1654
1850,2603
1852,452
1852,1261
1852,250
1852,1125
1852,1852
1853,2329
1853,2262
1853,2036
1853,2509
1853,122
1856,1856
1857,2839
1860,1860
1862,646
1863,2923
1863,1139
1863,75
1863,2105
1863,1518
1863,901
1863,951
1863,526
1866,1974
1866,1976
1870,2691
1870,1870
1874,1874
1875,1875
1875,2816
1879,1879
1879,2548
1880,1882
1880,1883
1884,541
1884,1884
1885,1885
1887,2548
1887,2923
1887,2603
1887,1700
1888,1890
1890,1890
1890,2903
1890,2927
1890,410
1890,8
1891,1512
1895,2972
1895,149
1901,2262
1901,2666
1902,2605
1902,2499
1903,2318
1903,1903
1905,1905
1906,666
1908,666
1911,1911
1913,1913
1913,2804
1913,2721
1913,1986
1913,1991
1913,1978
1913,2629
1913,624
1913,1993
1913,1984
1913,2632
1913,2670
1913,2667
1913,2656
1913,2709
1913,2650
1913,2660
1913,2657
1913,2662
1913,2641
1913,2649
1913,2793
1913,2644
1913,2658
1913,2663
1913,2661
1913,2664
1913,2665
1913,621
1913,2744
1913,1430
1913,1435
1913,1765
1913,1764
1913,1763
1913,1433
1913,1432
1913,1431
1913,1039
1913,1040
1913,1041
1913,1042
1913,1043
1913,1044
1913,1045
1913,1046
1913,1047
1913,1048
1913,1049
1913,1013
1913,1015
1913,1016
1913,1017
1913,1018
1913,1019
1913,1020
1913,1021
1913,1022
1913,1023
1913,1024
1913,1025
1913,1026
1913,1027
1913,1028
1913,1029
1913,1030
1913,1032
1913,1033
1913,1034
1913,1035
1913,1036
1913,1037
1913,1038
1913,1766
1913,1752
1913,1750
1913,2382
1913,1751
1913,1756
1913,1753
1913,1762
1913,1758
1913,645
1913,1437
1913,2696
1913,2682
1913,2689
1913,1338
1913,2668
1913,2716
1913,633
1913,2779
1913,2623
1913,2690
1913,2695
1913,2573
1916,666
1916,1146
1919,2674
1919,2580
1922,2607
1926,1303
1926,1958
1927,1958
1928,1958
1929,1929
1930,2396
1930,666
1930,2873
1930,2903
1930,324
1933,1933
1933,1958
1937,1654
1941,2114
1942,1958
1947,954
1947,1947
1947,2133
1949,1964
1950,418
1950,2166
1950,1973
1951,1951
1955,2012
1955,1955
1955,2996
1955,2329
1955,390
1955,2547
1955,2253
1955,284
1955,415
1955,425
1955,927
1958,2133
1958,1969
1958,1962
1958,1966
1958,1979
1958,2132
1958,975
1958,2112
1958,2097
1958,1301
1958,964
1958,2096
1958,1980
1958,1981
1958,1965
1958,2113
1966,1966
1967,976
1967,1967
1967,666
1970,433
1971,1971
1974,2133
1974,949
1974,2137
1974,1393
1974,1976
1974,2168
1974,1398
1975,2751
1982,2859
1982,666
1982,1396
1982,1422
1983,954
1988,2123
1990,2142
1992,2226
1998,2374
1999,1999
2004,2004
2004,2068
2008,1958
2009,2009
2010,2037
2011,666
2012,2204
2013,2037
2015,1513
2017,2069
2018,895
2020,2046
2020,2071
2020,2133
2024,1228
2025,2037
2027,1171
2028,2856
2030,2030
2032,2133
2032,2032
2033,2033
2033,666
2033,1650
2034,2074
2037,2060
2037,1006
2037,2069
2037,1108
2038,2038
2041,1066
2041,2497
2041,2901
2041,2417
2041,2873
2041,666
2041,608
2041,2548
2041,467
2041,943
2041,2568
2041,1195
2041,150
2041,2615
2041,2998
2041,1090
2041,1544
2041,1084
2041,1340
2041,650
2041,2766
2041,394
2041,1495
2041,2457
2041,1855
2041,2783
2041,1596
2041,1604
2041,1317
2041,1634
2041,1194
2041,1566
2041,2191
2041,1599
2041,2030
2041,1100
2041,2694
2041,2045
2041,2967
2041,2869
2042,418
2042,2042
2042,1654
2042,2133
2042,666
2044,666
2044,2350
2044,2044
2044,2971
2046,2076
2048,2737
2052,928
2052,2052
2052,670
2057,2074
2059,2062
2062,2062
2065,1098
2067,2067
2071,2074
2074,1089
2074,1092
2075,2742
2077,1006
2077,2077
2085,2170
2085,2085
2087,956
2091,418
2091,1360
2091,1191
2093,2170
2094,2094
2095,2139
2099,2099
2101,2483
2104,1654
2104,2104
2104,2318
2106,2106
2107,2329
2108,2889
2109,384
2112,2112
2113,304
2114,2165
2114,2160
2114,2220
2115,949
2115,2122
2115,2115
2116,2116
2116,285
2118,2354
2118,2232
2118,161
2118,391
2118,2820
2118,392
2118,2946
2118,326
2118,312
2118,2378
2118,1838
2118,2675
2122,977
2122,2124
2123,1234
2125,1654
2130,2130
2130,2816
2133,1099
2135,359
2137,1654
2139,2145
2140,2140
2140,2685
2141,2141
2142,2751
2142,2142
2142,2145
2142,972
2148,2683
2150,666
2150,2150
2152,2152
2153,418
2153,2153
2153,1190
2158,418
2159,956
2168,1654
2169,2169
2170,1360
2170,1259
2174,2174
2192,2322
2192,2192
2196,2322
2197,1801
2200,2318
2200,2283
2200,2507
2200,2200
2200,430
2200,2201
2200,1663
2200,2286
2203,2363
2211,2211
2215,2215
2215,2216
2215,2329
2215,2221
2216,2223
2216,2221
2216,507
2217,2223
2219,2219
2224,1465
2224,2233
2224,2179
2224,84
2227,1386
2227,595
2227,1480
2227,1919
2227,94
2227,2719
2227,2237
2227,2355
2227,2857
2227,784
2228,609
2228,2441
2229,2272
2230,1070
2231,2464
2232,2467
2255,2318
2261,2540
2261,2332
2261,2278
2261,1533
2261,1389
2261,2178
2261,2310
2263,2499
2268,2303
2270,2187
2270,2270
2270,1786
2270,2835
2272,2340
2274,2532
2275,2481
2275,1620
2276,666
2276,433
2280,2280
2281,2391
2284,2284
2284,2762
2293,2751
2293,1828
2294,2770
2294,2751
2294,2294
2294,339
2294,2335
2294,860
2294,785
2294,2488
2294,245
2294,726
2294,674
2294,246
2294,587
2298,344
2305,2396
2306,2306
2306,2307
2306,2674
2307,2307
2307,2348
2309,2642
2316,2316
2318,635
2318,1505
2318,244
2322,1621
2322,386
2322,2322
2322,1402
2322,2440
2322,1881
2322,2767
2323,2323
2325,2325
2326,1139
2331,1701
2331,1810
2335,635
2336,2336
2337,2923
2337,2368
2337,1650
2337,1080
2337,2208
2337,4
2350,310
2350,2350
2353,2353
2354,2743
2354,843
2360,2360
2362,2531
2362,2362
2363,2403
2366,2751
2368,2923
2368,2368
2368,106
2369,344
2370,1139
2374,128
2374,2325
2374,2360
2374,518
2374,2374
2374,571
2375,2484
2376,2712
2377,348
2379,1534
2380,409
2381,172
2381,243
2381,197
2381,2789
2381,182
2384,2384
2387,2489
2391,1405
2405,2405
2406,238
2414,2484
2414,2414
2419,1466
2419,247
2420,2420
2434,2560
2434,1827
2434,2434
2437,2009
2437,1390
2437,1441
2439,2341
2443,2443
2443,1590
2444,2487
2445,2751
2446,2751
2447,1513
2449,627
2451,609
2453,1645
2453,1724
2455,1499
2460,2972
2460,2460
2461,2461
2462,2467
2467,2354
2468,348
2468,247
2468,524
2473,2473
2475,2496
2477,2477
2479,976
2480,1701
2481,847
2484,1613
2490,162
2491,2606
2493,666
2493,1654
2493,1258
2493,925
2493,920
2493,2652
2493,1846
2493,1929
2493,501
2493,2493
2493,908
2493,841
2493,1731
2493,1310
2493,829
2493,2302
2493,583
2493,1854
2493,2654
2493,2174
2497,2914
2497,348
2497,666
2497,2548
2497,1863
2497,2554
2497,396
2497,304
2497,1166
2497,2886
2497,330
2497,2133
2497,1001
2497,2915
2497,2062
2497,1069
2497,2500
2497,2828
2497,1107
2497,2513
2497,2498
2497,2514
2497,2074
2497,2521
2497,2510
2497,2527
2497,2519
2497,2020
2497,2518
2497,2004
2497,2551
2497,2051
2497,669
2497,1127
2497,2687
2497,1296
2497,1399
2497,1062
2497,435
2497,2013
2497,2975
2497,1813
2497,2526
2497,2016
2497,1266
2497,1671
2497,2615
2497,1688
2497,2368
2497,1172
2497,2049
2497,2059
2497,1413
2497,1360
2497,2516
2497,2081
2497,267
2497,2932
2497,917
2497,2025
2497,1003
2497,2138
2497,1925
2497,2515
2497,2035
2497,2002
2497,2017
2497,2034
2497,2023
2497,2053
2497,2032
2497,2060
2497,2029
2497,2054
2497,2010
2497,2077
2497,2038
2497,2006
2497,2525
2497,2073
2497,2524
2497,2050
2497,2043
2497,1151
2497,779
2497,2072
2497,2065
2497,2076
2497,1108
2497,1006
2497,1008
2497,1111
2498,2907
2500,2513
2500,2907
2500,2504
2500,2501
2500,2516
2500,2508
2500,666
2500,2502
2500,2520
2500,2506
2500,2031
2500,2511
2500,2528
2500,2500
2500,2503
2501,2907
2501,2513
2502,2907
2503,2907
2504,2907
2505,516
2505,2907
2505,550
2506,2907
2506,2523
2508,2907
2510,2037
2510,666
2510,1007
2510,2051
2511,2513
2512,2074
2513,2516
2513,2513
2513,2078
2513,586
2513,610
2513,2907
2513,2522
2514,2037
2514,2516
2514,2521
2514,2218
2514,1089
2514,2029
2514,2022
2514,2038
2514,2055
2514,792
2516,2554
2516,2529
2516,2915
2516,666
2516,2074
2516,2527
2516,2521
2516,2519
2516,2004
2516,2051
2516,940
2516,2049
2516,2518
2516,2081
2516,1003
2516,2138
2516,2035
2516,964
2516,2017
2516,2023
2516,2006
2516,2524
2516,2050
2516,2043
2516,1720
2516,2516
2516,1006
2516,1145
2517,2907
2518,1169
2518,2518
2519,2021
2520,2907
2521,2521
2521,666
2521,2074
2521,1007
2521,1003
2521,2035
2521,2058
2521,2065
2521,1092
2521,1132
2524,2524
2527,2133
2527,2527
2529,2972
2529,666
2529,2927
2529,2529
2531,2531
2534,1386
2536,2536
2542,2542
2545,1460
2546,2916
2548,1718
2548,589
2548,1228
2548,1316
2548,1863
2548,2685
2548,396
2548,304
2548,2322
2548,2914
2548,1166
2548,2886
2548,330
2548,2919
2548,2873
2548,666
2548,1001
2548,243
2548,1086
2548,1139
2548,2337
2548,348
2548,2548
2548,381
2548,2417
2548,1416
2548,833
2548,528
2548,1107
2548,2551
2548,2635
2548,1701
2548,1127
2548,1929
2548,492
2548,2420
2548,1399
2548,1266
2548,435
2548,1387
2548,2933
2548,2306
2548,1919
2548,2176
2548,3002
2548,953
2548,2952
2548,141
2548,653
2548,1671
2548,2357
2548,614
2548,1688
2548,1648
2548,2368
2548,1436
2548,1172
2548,112
2548,1352
2548,1371
2548,1212
2548,1977
2548,1826
2548,741
2548,2362
2548,807
2548,2646
2548,1052
2548,2720
2548,2920
2548,2888
2548,337
2548,267
2548,2925
2548,2913
2548,2388
2548,2562
2548,2672
2548,2342
2548,2415
2548,122
2548,165
2548,1077
2548,1427
2548,840
2548,1068
2548,2818
2548,2399
2548,1118
2548,1414
2548,1702
2548,2181
2548,1511
2548,1734
2548,1281
2548,751
2548,1193
2548,626
2548,2390
2548,1168
2548,620
2548,500
2548,118
2548,2407
2548,1581
2548,2334
2548,1277
2548,2950
2548,1318
2548,1351
2548,2591
2548,1832
2548,1638
2548,2866
2548,856
2548,408
2548,617
2548,619
2548,618
2548,622
2548,2771
2548,1100
2548,2584
2548,181
2548,2718
2548,1152
2548,1571
2548,1530
2548,1782
2548,1076
2548,2612
2548,663
2548,2811
2548,3010
2549,1781
2549,1770
2549,759
2551,2923
2551,666
2551,2914
2551,123
2551,492
2551,1271
2551,2066
2551,1956
2551,2991
2551,1917
2551,2624
2551,2728
2553,535
2555,2555
2558,1652
2563,1169
2568,223
2568,2568
2569,2569
2570,2570
2572,473
2578,2569
2578,666
2578,2875
2578,327
2578,62
2578,2209
2578,2236
2578,308
2578,952
2578,2239
2578,2701
2585,2751
2586,2586
2587,2895
2588,2450
2588,2872
2588,20
2588,1380
2588,1405
2592,976
2593,2200
2598,2956
2598,2200
2602,2197
2602,2216
2603,2923
2603,373
2603,328
2603,2847
2609,1170
2609,2318
2611,666
2611,1170
2612,2612
2613,894
2614,2872
2615,2849
2618,2618
2621,2621
2627,2627
2634,2635
2634,2634
2635,2635
2635,63
2635,362
2635,1102
2635,1076
2638,11
2643,2683
2645,2709
2648,666
2651,2652
2652,2659
2652,2655
2652,2652
2652,2653
2672,2964
2683,2980
2683,2906
2685,2686
2685,666
2685,2923
2685,279
2685,275
2685,277
2685,2687
2685,276
2685,1552
2685,1001
2685,107
2685,1563
2685,2294
2685,1268
2685,1269
2685,2370
2685,1553
2685,1554
2685,2736
2685,2734
2685,2737
2685,2739
2685,1557
2685,1558
2685,1560
2685,1561
2685,775
2685,780
2685,778
2685,282
2685,289
2685,294
2686,2972
2686,416
2686,2288
2686,1499
2686,2268
2686,2333
2687,2166
2687,1963
2687,1943
2687,1990
2688,2294
2697,2104
2698,1150
2701,2701
2702,1399
2704,727
2706,2133
2706,442
2706,2706
2707,666
2708,2708
2710,2710
2713,2915
2713,418
2719,784
2720,2720
2723,2723
2725,241
2725,2725
2725,2423
2725,426
2729,241
2729,2729
2733,2733
2748,2748
2748,2816
2750,2816
2751,623
2751,1031
2751,771
2751,865
2755,1989
2755,1497
2764,2088
2764,997
2764,1297
2764,1313
2764,2172
2764,2225
2764,1300
2764,1467
2764,2219
2766,2766
2766,2467
2770,2167
2771,2771
2772,1950
2775,601
2790,642
2798,2798
2800,2800
2800,909
2806,680
2807,2838
2807,787
2818,2818
2820,1654
2820,2820
2820,2448
2823,2823
2828,2923
2828,666
2828,2914
2828,2468
2828,484
2828,414
2828,2542
2828,884
2831,2832
2832,2833
2836,2837
2840,2841
2843,2845
2848,2354
2848,421
2848,2389
2848,340
2852,2216
2853,319
2854,1654
2854,1166
2854,2198
2854,2354
2854,115
2854,85
2854,2616
2854,82
2854,2236
2854,2558
2854,2743
2854,2458
2855,2856
2855,2903
2856,1621
2856,2903
2856,2972
2856,2531
2856,2343
2856,221
2856,222
2856,2481
2856,184
2856,432
2856,105
2856,1733
2856,2995
2856,2873
2856,761
2856,2192
2856,733
2856,788
2860,23
2860,1171
2860,1724
2863,2863
2865,374
2869,2869
2871,330
2871,2937
2871,2387
2871,2871
2872,208
2872,2873
2872,215
2872,2204
2872,2469
2872,2328
2872,2992
2872,1655
2872,2047
2872,2299
2872,2438
2872,2194
2872,134
2872,2385
2872,1642
2873,2972
2873,1316
2873,2873
2873,2196
2873,2923
2873,1870
2873,1451
2873,2270
2873,105
2873,2258
2874,1166
2874,2362
2874,12
2874,1381
2874,2296
2878,2439
2878,2533
2880,2260
2883,2908
2885,2906
2886,2972
2886,2463
2886,2886
2886,116
2886,193
2887,2887
2887,10
2888,1771
2888,2972
2888,2888
2891,2996
2892,2200
2893,2200
2894,2224
2894,2894
2895,2895
2895,396
2895,421
2895,402
2895,395
2895,2943
2896,2200
2897,2261
2899,666
2900,1001
2900,348
2900,2900
2900,708
2901,2901
2903,2227
2903,2215
2903,2206
2903,2205
2903,2224
2903,2231
2903,2916
2903,2223
2903,2997
2903,2228
2903,2229
2903,257
2903,260
2903,2338
2903,2481
2903,2230
2905,2914
2907,243
2907,2079
2907,990
2908,2484
2908,2509
2908,2801
2911,666
2913,2499
2914,1718
2914,1228
2914,666
2914,2816
2914,1316
2914,1863
2914,396
2914,1463
2914,304
2914,1166
2914,2886
2914,330
2914,2917
2914,3009
2914,1001
2914,243
2914,2923
2914,1086
2914,853
2914,698
2914,1139
2914,2337
2914,1069
2914,162
2914,528
2914,1107
2914,2037
2914,440
2914,1701
2914,343
2914,1373
2914,1127
2914,917
2914,1480
2914,223
2914,2873
2914,1081
2914,945
2914,1296
2914,348
2914,1399
2914,1062
2914,435
2914,176
2914,2975
2914,1355
2914,1813
2914,1438
2914,2258
2914,653
2914,2460
2914,2615
2914,1688
2914,492
2914,2368
2914,1172
2914,662
2914,881
2914,1343
2914,1671
2914,1266
2914,1371
2914,874
2914,560
2914,1256
2914,1826
2914,1832
2914,2362
2914,1360
2914,1580
2914,992
2914,2888
2914,267
2914,2928
2914,2196
2914,1182
2914,1068
2914,2336
2914,2778
2914,2323
2914,1091
2914,1511
2914,1199
2914,1884
2914,2914
2914,1151
2914,585
2914,1945
2914,2812
2914,779
2914,1810
2915,2915
2915,2016
2915,1870
2915,1468
2915,2058
2915,2063
2915,2039
2915,2038
2915,2073
2915,2077
2915,1051
2916,2916
2916,2221
2916,1777
2916,2474
2916,2297
2916,2983
2916,1636
2917,2972
2917,2464
2918,666
2919,2972
2919,2919
2919,2083
2919,2247
2919,2293
2920,2920
2922,167
2922,2923
2922,29
2922,2922
2922,2481
2923,2972
2923,1718
2923,348
2923,2816
2923,2240
2923,1426
2923,1415
2923,3009
2923,243
2923,3004
2923,101
2923,528
2923,1373
2923,1081
2923,1266
2923,1671
2923,1371
2923,1084
2923,29
2923,2
2923,2928
2923,1644
2923,1388
2923,2557
2923,189
2923,1511
2923,1281
2923,1945
2923,2196
2923,1810
2924,29
2925,1643
2925,2245
2925,2393
2925,2530
2925,1407
2925,2439
2926,1654
2927,201
2928,1457
2932,2939
2933,2933
2933,666
2933,499
2934,2484
2935,2935
2938,2938
2942,581
2942,64
2944,2338
2944,1727
2946,2946
2946,926
2948,2231
2948,2948
2950,2950
2953,2956
2953,2963
2953,2961
2953,2962
2953,2959
2954,2960
2955,2970
2957,2958
2968,2969
2972,95
2972,2322
2972,123
2972,211
2972,2975
2972,1484
2972,2362
2972,56
2972,102
2972,29
2972,1064
2972,267
2972,184
2972,2293
2972,179
2972,1733
2972,2298
2972,1644
2975,1402
2975,2259
2976,2451
2981,120
2984,120
2994,2994
2995,29
2995,2995
2996,2996
2996,99
2996,10
2996,166
2996,171
2996,2264
2996,2821
2996,19
2996,1738
2996,2111
2996,2868
2996,2432
2996,1822
2997,1428
2997,201
2997,2257
3004,3005
3009,1624
3011,2239
3012,3012
3012,2224
3012,2260
3013,116
3013,3013
3014,3014
